youssefashraxff,Ya@213247,y.ashraf.ibrahim@gmail.com,Hadayek El Quobba
aliaboelella,Ali@1234,aliaboelella@icloud.com,Nasr City
omarsayed,omar12345678,omarelsayed@gmail.com,mnofeya
hamada,hamada@gmail.com,12345,nasr city
abdullah123,abdo12345,abdullah123@gmail.com,Masr El gdeda
etman,etman@icloud.com,12345,zayed city
ahmed,ahmed123,ahmed@gmail.com,sheraton
